,Allele 1,Allele 2,Allele 3,Allele 4,Allele 5,Allele 6,Allele 7,Allele 8,Allele 9,Allele 10,Allele 11,Allele 12,Allele 13,Allele 14,Allele 15
Generation 1,0,0,0,0,0,6,0,0,1,0,0,2,3,6,2
Generation 2,0,0,0,0,0,2,0,0,1,1,0,1,6,6,1
Generation 3,0,0,1,0,1,3,1,0,0,3,0,1,11,4,5
Generation 4,0,0,0,0,1,8,0,0,1,2,0,7,16,9,0
Generation 5,0,0,0,0,3,13,0,0,0,7,0,6,13,11,1
Generation 6,0,0,1,0,5,9,0,0,0,4,0,6,18,5,3
Generation 7,0,0,0,0,4,7,0,0,5,8,0,10,12,4,0
Generation 8,0,0,0,0,6,9,0,0,1,6,0,10,16,5,3
Generation 9,0,0,0,0,11,9,0,0,9,7,0,11,15,0,0
Generation 10,0,0,0,0,6,8,0,0,4,6,0,11,15,2,2
Generation 11,0,0,0,0,9,14,0,0,7,3,0,8,12,2,0
Generation 12,0,0,0,0,5,10,1,0,2,9,0,7,9,2,0
Generation 13,0,0,0,0,5,8,0,0,3,4,0,10,7,2,0
Generation 14,0,0,0,0,8,2,0,0,1,8,0,2,5,1,0
Generation 15,0,0,0,0,6,3,0,0,2,5,0,7,4,2,0
Generation 16,0,0,0,0,3,3,0,0,3,3,0,5,6,2,0
Generation 17,0,0,1,0,0,7,0,0,1,2,0,6,3,1,1
Generation 18,0,0,0,0,4,5,0,0,1,4,0,2,4,0,0
Generation 19,0,0,0,0,4,3,0,0,1,4,0,3,4,1,1
Generation 20,0,0,0,0,3,6,0,0,1,2,0,5,3,2,0
Generation 21,0,0,0,0,3,2,0,0,2,1,0,7,3,1,0
Generation 22,0,0,1,0,5,4,0,0,3,2,0,3,2,1,2
Generation 23,0,0,0,0,2,3,0,0,0,4,0,2,2,0,0
Generation 24,0,0,0,0,0,5,0,0,2,0,0,2,5,1,0
Generation 25,0,0,0,0,4,7,0,0,2,0,0,3,5,1,0
Generation 26,0,0,0,0,5,4,0,0,3,7,0,7,7,2,0
Generation 27,0,0,1,0,5,5,0,0,5,10,0,9,11,3,0
Generation 28,0,0,0,0,3,9,0,0,2,9,0,14,8,3,0
Generation 29,0,0,1,0,5,8,0,0,6,12,0,14,8,2,0
Generation 30,0,0,0,0,5,10,0,0,9,10,0,8,7,3,0
Generation 31,0,0,1,0,7,13,0,0,0,6,0,12,12,3,0
Generation 32,0,0,0,0,4,10,0,0,4,7,0,10,15,3,0
Generation 33,0,0,0,0,5,13,0,0,2,8,1,10,15,4,0
Generation 34,0,0,0,0,6,13,0,0,4,8,0,5,11,5,0
Generation 35,0,0,0,0,5,10,0,0,1,10,0,8,11,4,0
Generation 36,0,0,1,0,3,9,0,0,1,9,0,9,8,4,0
Generation 37,0,0,2,0,2,5,1,0,1,8,0,9,10,0,0
Generation 38,0,0,0,0,1,8,0,0,1,3,0,7,3,1,0
Generation 39,0,0,0,0,1,8,0,0,0,2,0,1,6,5,0
Generation 40,0,0,1,0,4,5,0,0,2,5,0,2,2,1,0
Generation 41,0,0,0,0,2,3,0,0,0,5,0,1,4,1,0
Generation 42,0,0,0,0,2,7,0,0,0,0,0,4,3,2,0
Generation 43,0,0,1,0,1,6,0,0,3,1,0,4,3,0,0
Generation 44,0,0,2,0,1,3,0,0,0,8,0,4,3,1,0
Generation 45,0,0,1,0,1,9,0,0,2,6,0,3,5,3,0
Generation 46,0,0,0,0,1,5,0,0,4,2,0,2,5,1,0
Generation 47,0,0,3,0,3,6,0,0,1,5,0,2,9,1,0
Generation 48,0,0,2,0,0,7,0,0,1,4,0,3,3,3,0
Generation 49,0,0,1,0,1,5,0,0,2,1,0,2,2,1,0
Generation 50,0,0,0,0,0,3,1,0,2,3,0,0,8,4,0
Generation 51,0,0,2,0,1,8,0,0,3,1,0,2,5,1,0
Generation 52,0,0,3,0,3,7,0,0,3,10,0,3,6,6,0
Generation 53,0,0,4,0,3,14,0,0,4,9,1,4,12,2,0
Generation 54,0,0,3,0,6,15,0,0,6,9,1,1,10,5,0
Generation 55,0,0,3,0,3,27,0,0,2,3,2,1,12,7,1
Generation 56,0,0,15,0,3,23,0,0,3,4,0,2,8,4,0
Generation 57,0,0,13,0,2,21,0,0,1,10,7,1,6,3,0
Generation 58,0,0,22,0,2,22,0,0,0,5,4,1,12,5,1
Generation 59,0,0,32,1,0,21,0,0,0,2,3,1,4,3,0
Generation 60,0,0,37,0,0,20,1,0,0,2,8,0,4,1,0
Generation 61,0,1,32,0,0,15,1,0,1,5,6,0,8,4,0
Generation 62,0,0,39,0,0,18,1,1,0,2,2,0,3,1,0
Generation 63,0,0,29,0,0,16,1,0,0,1,5,2,4,2,0
Generation 64,0,0,20,0,1,8,0,0,0,1,2,0,2,1,0
Generation 65,0,0,18,0,0,9,0,0,0,1,3,0,1,0,0
Generation 66,0,0,14,0,0,6,0,0,0,0,6,0,1,0,0
Generation 67,0,0,16,0,1,5,0,0,0,0,1,1,1,1,0
Generation 68,0,0,8,0,0,5,0,0,0,1,2,0,2,0,0
Generation 69,0,0,12,0,0,6,0,0,0,1,2,0,2,0,0
Generation 70,0,0,10,0,0,3,0,0,0,1,1,0,1,0,0
Generation 71,0,0,10,0,0,7,0,1,0,1,2,0,1,1,0
Generation 72,0,0,8,0,1,4,0,0,1,1,5,0,0,0,0
Generation 73,0,0,10,0,0,4,0,0,0,1,0,0,2,0,0
Generation 74,0,0,3,0,0,8,0,1,0,2,1,1,1,0,0
Generation 75,0,0,14,0,0,7,1,0,0,0,2,0,0,0,0
Generation 76,0,0,19,0,1,9,1,0,1,1,3,0,2,3,0
Generation 77,1,0,14,0,0,12,2,1,1,1,5,0,3,3,0
Generation 78,0,1,34,0,1,16,1,1,0,0,0,0,2,2,0
Generation 79,0,0,26,2,0,17,0,0,0,2,6,0,3,2,0
Generation 80,0,0,32,0,2,16,1,1,1,0,4,0,1,5,0
Generation 81,0,0,29,0,1,21,0,0,1,2,7,0,1,3,0
Generation 82,0,0,34,0,3,15,1,1,0,3,4,0,2,3,0
Generation 83,0,0,28,1,0,20,1,1,0,3,8,0,4,6,0
Generation 84,0,0,30,1,0,28,1,0,0,2,5,0,2,3,0
Generation 85,0,0,22,1,0,11,1,0,0,1,12,0,7,2,0
Generation 86,0,0,27,0,0,22,0,1,1,0,3,1,3,5,0
Generation 87,0,0,22,0,1,14,0,0,0,2,4,0,2,1,0
Generation 88,0,0,19,0,0,14,0,0,0,1,2,0,2,1,0
Generation 89,0,0,13,0,0,13,0,0,0,5,6,0,1,1,0
Generation 90,0,0,13,0,0,9,0,1,0,0,3,0,0,2,0
Generation 91,1,0,10,1,0,6,0,1,0,1,4,0,1,1,0
Generation 92,0,0,14,1,0,5,1,0,0,2,3,0,1,3,0
Generation 93,0,0,21,0,0,11,0,0,0,1,6,0,1,0,0
Generation 94,0,0,16,1,0,3,1,0,1,2,1,0,1,0,0
Generation 95,0,0,7,0,0,4,0,0,0,0,2,0,2,1,0
Generation 96,0,0,6,0,0,9,1,0,0,1,1,0,2,1,0
Generation 97,0,0,7,0,0,6,0,0,0,1,1,0,0,0,0
Generation 98,0,0,9,1,0,6,1,1,0,0,0,0,2,1,0
Generation 99,0,0,14,0,0,5,0,0,0,0,1,0,2,0,0
Generation 100,0,0,14,0,0,11,1,0,0,1,4,0,4,0,0
Generation 101,0,0,20,0,1,6,0,1,0,2,3,0,4,0,0
Generation 102,0,0,26,0,0,17,0,3,0,3,4,0,2,1,0
Generation 103,0,0,29,2,0,21,1,0,0,2,11,0,0,2,0
Generation 104,0,0,28,1,1,16,2,0,0,2,11,0,1,1,0
Generation 105,0,0,27,1,0,10,1,0,0,1,7,0,1,1,0
Generation 106,0,0,26,1,0,11,0,2,0,1,9,0,1,0,0
Generation 107,0,1,22,0,0,13,1,0,0,2,3,0,1,1,0
Generation 108,1,1,21,0,1,7,1,0,0,0,5,0,1,2,0
Generation 109,1,0,21,0,0,10,1,1,0,0,5,0,1,2,0
Generation 110,0,0,17,0,0,10,0,0,0,0,6,0,0,0,0
Generation 111,0,0,20,1,0,11,0,0,0,0,3,0,0,1,0
Generation 112,0,0,21,0,0,6,0,0,0,0,7,0,1,0,0
Generation 113,0,0,11,0,0,2,0,0,0,2,3,0,0,0,0
Generation 114,0,1,10,0,0,3,0,0,0,0,0,0,0,0,0
Generation 115,0,0,7,0,0,4,0,1,0,1,0,0,0,1,0
Generation 116,0,0,14,0,0,5,0,0,0,2,2,0,1,0,0
Generation 117,0,2,12,0,0,1,1,0,0,0,1,0,0,0,0
Generation 118,0,0,10,0,0,3,0,1,0,0,1,0,0,0,0
Generation 119,1,0,10,0,0,7,2,0,0,0,4,0,2,1,0
Generation 120,0,0,19,0,0,6,0,2,0,2,4,0,0,0,0
Generation 121,0,0,21,0,0,15,1,0,0,1,4,0,0,0,0
Generation 122,2,1,13,1,0,14,4,0,0,2,4,0,0,0,0
Generation 123,0,1,29,0,0,10,1,0,0,0,5,0,3,0,0
Generation 124,0,0,19,0,0,12,3,1,0,0,4,0,2,1,0
Generation 125,0,0,21,0,0,9,2,3,0,1,6,0,1,1,0
Generation 126,0,0,29,0,0,2,3,0,0,3,5,0,2,0,0
Generation 127,0,2,13,0,0,10,4,0,0,1,3,0,2,0,0
Generation 128,0,0,8,0,0,7,0,0,0,0,0,0,0,0,0
Generation 129,0,0,15,0,0,12,1,0,0,2,4,0,0,1,0
Generation 130,1,0,12,0,0,12,0,0,0,1,3,1,0,0,0
Generation 131,0,0,26,0,0,8,4,2,0,2,5,0,2,1,0
Generation 132,0,0,31,1,0,7,4,2,0,1,8,0,1,0,0
Generation 133,2,1,35,1,0,12,3,0,0,1,6,0,1,0,0
Generation 134,0,2,38,1,0,7,4,3,0,0,13,0,0,0,0
Generation 135,0,0,33,0,0,4,4,5,0,1,9,0,0,0,0
Generation 136,0,2,46,1,0,6,3,1,0,0,6,0,0,0,0
Generation 137,0,0,29,0,0,7,8,5,0,0,6,0,0,0,0
Generation 138,0,2,46,0,0,4,2,2,0,0,12,0,0,1,0
Generation 139,2,3,30,0,0,4,5,4,0,2,11,0,0,0,0
Generation 140,1,3,26,1,0,1,2,0,0,0,5,0,0,0,0
Generation 141,0,1,17,0,0,4,5,1,0,0,4,0,0,0,0
Generation 142,0,1,21,0,0,0,1,1,0,0,3,0,0,0,0
Generation 143,0,1,14,0,0,3,1,2,0,2,1,0,0,1,0
Generation 144,0,1,17,0,0,3,1,0,0,0,1,0,0,0,0
Generation 145,0,3,13,0,0,2,0,3,0,1,3,0,0,0,0
Generation 146,0,1,18,0,0,1,0,0,0,0,5,0,0,0,0
Generation 147,0,0,12,0,0,2,1,2,0,0,2,0,0,0,0
Generation 148,1,0,18,0,0,0,0,3,0,0,4,0,0,0,0
Generation 149,1,0,23,0,0,1,2,4,0,0,3,0,1,0,0
Generation 150,0,1,34,1,0,4,2,2,0,1,1,0,0,0,0
Generation 151,0,2,24,0,0,4,3,1,0,0,6,0,0,0,0
Generation 152,0,2,24,0,0,2,2,3,0,0,5,0,0,0,0
Generation 153,0,2,12,0,0,0,0,2,0,1,5,0,1,0,0
Generation 154,0,1,16,0,0,3,1,2,0,0,4,0,0,0,0
Generation 155,0,0,14,0,0,1,2,0,0,0,2,0,0,0,0
Generation 156,0,0,9,0,0,2,1,2,0,0,0,0,1,0,0
Generation 157,0,0,9,0,0,4,6,0,0,0,3,0,0,0,0
Generation 158,0,0,27,0,0,2,3,4,0,0,4,0,0,0,0
Generation 159,2,0,30,0,0,7,2,1,0,1,4,0,2,0,0
Generation 160,1,1,36,0,0,9,3,1,0,0,5,0,2,0,0
Generation 161,1,3,40,0,0,4,2,2,0,1,8,0,0,0,0
Generation 162,1,1,42,0,0,7,4,1,0,0,2,0,2,0,0
Generation 163,4,0,42,0,0,8,2,2,0,0,4,0,0,0,0
Generation 164,3,1,49,0,0,6,2,0,0,0,4,0,1,0,0
Generation 165,1,0,36,0,0,15,2,3,0,1,2,0,0,0,0
Generation 166,2,2,35,0,0,5,3,0,0,1,2,0,1,0,0
Generation 167,1,0,23,0,0,9,2,1,0,0,3,0,1,0,0
Generation 168,1,1,18,0,0,9,1,0,0,2,3,0,0,0,0
Generation 169,2,1,13,0,0,4,1,0,0,0,1,0,1,0,0
Generation 170,1,1,14,1,0,5,1,0,0,0,1,0,0,0,0
Generation 171,0,1,11,1,0,7,0,2,0,2,1,0,1,0,0
Generation 172,1,0,11,0,0,2,0,2,0,0,3,0,0,0,0
Generation 173,0,5,6,0,0,3,1,0,0,1,3,0,0,0,0
Generation 174,1,2,7,0,0,3,2,0,0,0,1,0,0,0,0
Generation 175,1,3,14,0,0,4,3,0,0,0,1,0,0,0,0
Generation 176,1,1,15,0,0,5,0,0,0,0,1,0,0,0,0
Generation 177,0,1,15,0,0,2,0,1,0,0,2,0,0,0,0
Generation 178,0,0,15,0,0,2,1,1,0,0,0,0,0,0,0
Generation 179,3,3,11,0,0,3,0,0,0,0,1,0,0,0,0
Generation 180,1,4,9,0,0,4,1,1,0,0,0,0,0,0,0
Generation 181,2,1,17,1,0,4,0,0,0,2,0,0,0,0,0
Generation 182,2,4,22,0,0,5,0,0,0,0,1,0,0,0,0
Generation 183,1,0,19,0,0,3,2,1,0,0,3,0,0,0,0
Generation 184,2,3,28,0,0,4,2,0,0,0,2,0,0,0,0
Generation 185,2,4,21,0,0,8,1,0,0,0,2,0,0,0,0
Generation 186,3,4,29,0,0,5,1,2,0,0,3,0,0,0,0
Generation 187,3,1,25,0,0,9,3,0,0,0,1,0,1,0,0
Generation 188,1,1,19,0,0,9,5,0,0,0,1,0,0,0,0
Generation 189,0,5,20,2,0,12,2,2,0,0,1,0,0,0,0
Generation 190,1,6,37,0,0,8,1,0,0,1,3,0,0,0,0
Generation 191,1,5,29,1,0,7,1,0,0,1,0,0,0,0,0
Generation 192,3,5,26,3,0,6,1,0,0,0,2,0,1,0,0
Generation 193,1,5,29,0,0,7,1,0,0,0,4,0,0,0,0
Generation 194,1,7,28,1,0,3,0,0,0,0,4,0,0,0,0
Generation 195,0,4,24,0,0,2,0,0,0,0,3,0,1,0,0
Generation 196,3,5,22,2,0,4,1,0,0,0,2,0,0,0,0
Generation 197,1,5,15,1,0,4,0,0,0,0,1,0,0,0,0
Generation 198,1,4,12,0,0,4,1,0,0,0,1,0,0,0,0
Generation 199,1,5,13,1,0,6,0,0,0,0,0,0,0,0,0
Generation 200,1,1,9,1,0,7,0,0,0,0,0,0,0,0,0
Generation 201,0,3,8,0,0,1,1,0,0,0,0,0,0,0,0
Generation 202,2,5,10,3,0,4,0,0,0,1,3,0,0,0,0
Generation 203,0,2,26,1,0,4,0,0,0,0,0,0,0,0,0
Generation 204,1,6,16,0,0,7,2,0,0,0,1,0,0,0,0
Generation 205,1,6,19,3,0,7,0,1,0,0,2,0,0,0,0
Generation 206,0,3,25,3,0,3,0,1,0,0,1,0,0,0,0
Generation 207,1,2,10,0,0,1,2,0,0,2,1,0,0,0,0
Generation 208,0,4,14,3,0,6,2,0,0,1,1,0,1,0,0
Generation 209,2,2,16,0,0,2,0,1,0,1,1,0,0,0,0
Generation 210,1,5,13,1,0,1,0,1,0,0,0,0,0,0,0
Generation 211,1,2,10,0,0,1,0,0,0,0,1,0,1,0,0
Generation 212,1,3,13,0,0,6,3,0,0,0,1,0,0,0,0
Generation 213,1,7,21,3,0,0,0,0,0,0,0,0,0,0,0
Generation 214,2,5,20,2,0,3,0,0,0,0,1,0,1,0,0
Generation 215,0,3,18,1,0,1,0,0,0,1,0,0,0,0,0
Generation 216,0,3,22,2,0,2,0,0,0,0,1,0,0,0,0
Generation 217,1,3,11,0,0,0,0,0,0,0,0,0,0,0,0
Generation 218,0,3,16,5,0,7,0,0,0,0,0,0,0,0,0
Generation 219,0,2,18,1,0,7,1,0,0,0,1,0,0,0,0
Generation 220,0,4,11,0,0,3,1,0,0,0,0,0,0,0,0
Generation 221,1,2,10,1,0,0,1,1,0,0,2,0,0,0,0
Generation 222,0,5,10,3,0,2,0,1,0,0,1,0,0,0,0
Generation 223,0,2,4,0,0,1,0,0,0,0,1,0,0,0,0
Generation 224,0,3,5,1,0,3,1,0,0,0,0,0,0,0,0
Generation 225,2,2,10,0,0,1,0,0,0,0,0,0,0,0,0
Generation 226,2,7,8,0,0,2,0,0,0,0,1,0,1,0,0
Generation 227,0,8,22,0,0,2,2,0,0,0,4,0,0,0,0
Generation 228,1,11,23,3,0,3,1,1,0,0,4,0,1,0,0
Generation 229,3,12,29,3,0,5,2,0,0,0,3,0,0,0,0
Generation 230,2,9,30,2,0,3,5,0,0,0,3,0,0,0,0
Generation 231,1,17,36,3,0,2,2,0,0,0,2,0,0,0,0
Generation 232,2,15,36,0,0,2,3,1,0,0,4,0,0,0,0
Generation 233,1,14,29,1,0,3,1,0,0,0,1,0,0,0,0
Generation 234,1,15,34,2,0,5,3,0,0,0,3,0,0,0,0
Generation 235,1,9,22,1,0,6,0,0,0,0,0,0,0,0,0
Generation 236,1,8,25,1,0,4,2,0,0,0,2,0,0,0,0
Generation 237,1,7,22,3,0,1,0,1,0,0,1,0,1,0,0
Generation 238,1,6,20,0,0,1,1,0,0,0,3,0,0,0,0
Generation 239,0,3,14,2,0,1,0,1,0,0,2,0,0,0,0
Generation 240,0,10,12,0,0,0,0,0,0,0,6,0,0,0,0
Generation 241,1,4,15,0,0,3,1,0,0,0,0,0,0,0,0
Generation 242,0,3,17,1,0,0,1,0,0,0,2,0,0,0,0
Generation 243,1,4,12,0,0,0,3,0,0,0,0,0,0,0,0
Generation 244,2,8,17,2,0,3,1,0,0,0,1,0,0,0,0
Generation 245,2,14,20,0,0,3,1,0,0,0,0,0,0,0,0
Generation 246,3,7,14,0,0,3,2,0,0,0,1,0,0,0,0
Generation 247,2,13,17,0,0,0,1,0,0,0,0,0,0,0,0
Generation 248,0,5,8,0,0,1,0,0,0,0,0,0,0,0,0
Generation 249,2,6,5,0,0,1,0,0,0,0,1,0,0,0,0
Generation 250,0,5,6,0,0,0,1,1,0,0,0,0,0,0,0
Generation 251,0,6,12,2,0,2,1,0,0,0,0,0,0,0,0
Generation 252,0,9,21,0,0,2,1,0,0,0,0,0,1,0,0
Generation 253,0,14,23,0,0,3,1,0,0,0,1,0,0,0,0
Generation 254,3,15,32,0,0,2,5,1,0,0,3,0,0,0,0
Generation 255,4,6,34,1,0,3,2,1,0,0,1,0,0,0,0
Generation 256,3,7,38,0,0,5,5,0,0,0,1,0,0,0,0
Generation 257,5,15,40,2,0,3,2,0,0,0,1,0,1,0,0
Generation 258,3,12,42,0,0,5,2,0,0,0,0,0,1,0,0
Generation 259,2,5,40,3,0,5,2,1,0,0,6,0,0,0,0
Generation 260,4,11,31,0,0,8,4,1,0,0,4,0,1,0,0
Generation 261,3,7,37,0,0,7,6,1,0,0,2,0,0,0,0
Generation 262,4,6,25,0,0,4,2,0,0,0,1,0,0,0,0
Generation 263,2,6,17,0,0,6,1,0,0,0,1,0,0,0,0
Generation 264,4,4,18,0,0,3,0,0,0,0,3,0,0,0,0
Generation 265,0,3,23,0,0,2,1,1,0,0,4,0,0,0,0
Generation 266,3,4,14,0,0,2,2,0,0,0,1,0,0,0,0
Generation 267,2,3,8,1,0,4,2,1,0,0,1,0,0,0,0
Generation 268,3,3,13,0,0,4,1,1,0,0,0,0,1,0,0
Generation 269,1,7,13,0,0,2,1,0,0,0,1,0,0,0,0
Generation 270,2,5,19,1,0,3,1,0,0,0,1,0,1,0,0
Generation 271,3,6,20,0,0,5,2,0,0,0,0,0,0,0,0
Generation 272,2,5,15,0,0,5,1,0,0,0,3,0,0,0,0
Generation 273,1,3,12,1,0,1,0,0,0,0,0,0,0,0,0
Generation 274,0,8,6,0,0,1,0,0,0,0,1,0,0,0,0
Generation 275,1,1,11,0,0,1,1,0,0,0,2,0,0,0,0
Generation 276,3,1,11,0,0,2,1,0,0,0,3,0,0,0,0
Generation 277,1,4,27,1,0,3,2,1,0,0,2,0,0,0,0
Generation 278,2,8,33,1,0,2,0,0,0,0,0,0,1,0,0
Generation 279,4,11,27,0,0,4,3,0,0,0,3,0,0,0,0
Generation 280,3,11,34,1,0,4,4,1,0,0,5,0,0,0,0
Generation 281,3,13,34,1,0,1,1,0,0,0,2,0,0,0,0
Generation 282,1,10,32,0,0,5,3,1,0,0,9,0,0,0,0
Generation 283,3,9,31,1,0,4,2,1,0,0,3,0,0,0,0
Generation 284,2,7,34,1,0,1,0,0,0,0,5,0,0,0,0
Generation 285,4,8,36,1,0,4,2,0,0,0,2,0,1,0,0
Generation 286,2,6,19,0,0,3,3,0,0,0,6,0,0,0,0
Generation 287,1,3,32,0,0,1,2,0,0,0,2,0,0,0,0
Generation 288,3,2,17,1,0,3,3,0,0,0,3,0,1,0,0
Generation 289,4,4,19,1,0,1,3,0,0,0,4,0,0,0,0
Generation 290,1,3,21,1,0,5,0,0,0,0,2,0,0,0,0
Generation 291,0,4,18,2,0,2,0,0,0,0,2,0,1,0,0
Generation 292,1,1,12,1,0,1,1,0,0,0,4,0,0,0,0
Generation 293,0,2,21,1,0,2,0,0,0,0,2,0,0,0,0
Generation 294,3,1,17,0,0,5,1,0,0,0,3,0,0,0,0
Generation 295,2,2,14,0,0,2,1,0,0,0,2,0,0,0,0
Generation 296,1,4,20,0,0,2,0,0,0,0,2,0,0,0,0
Generation 297,0,2,17,0,0,2,0,0,0,0,4,0,0,0,0
Generation 298,1,2,6,0,0,0,0,0,0,0,1,0,0,0,0
Generation 299,1,0,14,1,0,0,0,0,0,0,0,0,0,0,0
Generation 300,0,3,13,0,0,3,1,0,0,1,1,0,1,0,0
Generation 301,2,5,29,1,0,1,0,0,0,0,0,0,1,0,0